{
    "xl": {
        "b": 438.32500138644366,
        "m": -1255.2396841056209,
        "valid": true
    },
    "xr": {
        "b": 688.8595731496205,
        "m": -1297.1766163305897,
        "valid": true
    },
    "yl": {
        "b": 556.5492304362947,
        "m": -1309.749656670227,
        "valid": true
    },
    "yr": {
        "b": 579.1800793456559,
        "m": -1373.773484192641,
        "valid": true
    }
}
